domain,statusCode,titleName,copyrightName,aboutName,addresses
freepreschoolcrafts.com,200,Free Preschool Crafts,Devanie M. Angel,Free Preschool Crafts,
myharddrivedied.com,200,,,MyHardDriveDied.com,"601b Industrial Court,  Woodstock, Ga 30189"
donedealestatesales.com,404,,,,
mitigationtrainingacademy.com,200,,,,
mis-erpsolutions.ca,200,"Epicor ERP Sales & Consulting | MIS Consulting & Sales, Inc.","Copyright ©2020 MIS Consulting & Sales, Inc. – All Rights Reserved. – Privacy Policy",,"Copyright ©2020 MIS Consulting & Sales, Inc. – All Rights Reserved. – Privacy Policy, 1260 NW Waterhouse Avenue, Suite 190, Beaverton, OR 97006 | Phone: 503-614-1919"
horshamautotech.com.au,200,"Horsham Auto Tech - Horsham Autotech - automotive servicing and repair centre specialising in servicing and repairs, automotive LPG, automotive air-conditioning, automotive computer diagnostics, roadworthy and safety inspections and exhaust fitting and repairs",Copyright © 2013 Horsham Autotech,,
cbtsystems.co.uk,200,Dr Francisco J Flores  – Counselling Psychologist and CBT Therapist in Tonbridge,GoDaddy,,
southwesternofficesuppliesok.com,200,Southwestern Office Products | 405 525-9411 ext 4255,"Copyright © Southwestern Group of Companies, Inc 2019 | All rights reserved | 405 525-9411 | Site Maintained By Southwestern",,
jquinlan.com,200,Quinlan Custom software Development,Copyright © - All Rights Reserved.,,
tiyu.pro,200,TIYU - IT Consultant,,,
westonitsolutions.com,fail,,,,[]
setwavegroup.com,200,SetWave | Helping financial services companies with innovative marketing,,INNOVATIVE MARKETING,
thebeaumont-louth.co.uk,200,The Beaumont Hotel,,,"For All Enquiries please telephone 01507 607768, The Beaumont Hotel, 66 Victoria Road, Louth, Lincolnshire LN11 0BX"
sublimeservings.com,200,KWB Entertainment Inc | 800-200-9935,,,
pacificwebdesigns.net,200,Sonoma County Web Development & Design - Blairworks,,,
bathurstdrugmart.com,200,"Bathurst Drug Mart in Toronto, Ontario",EXNP Inc. |,,
robertlackey.com,200,,,,
pvds.tech,200,PVDS Technology s.r.o.,,,
touch-voice.com,406,Not Acceptable!,,,
actif-signal.com,200,"Actif Signal - Signboard, Signage neon and Led Lighting - 3D Sign",,,Fashion show Louis Vuitton Fall Winter Paris (75)
stillagemanufacturers.com,fail,,,,[]
theperiperichickenshaqmcr.co.uk,fail,,,,[]
belgianchallengers.be,200,Belgian Challengers,,,
vernonsstudio.co.uk,200,Hotel website designers | B&B website designers | Self catering website designers | Architect website designers,Copyright 100 BEST GUIDES & Vernon's Studio Partner Links ©,,Ghillies Cottage is a 5 Star self catering Scotland ideal for fishing break in Scotland
chicagograniteshop.com,406,Not Acceptable!,,,
thaidistrict.net,200,Thai District - Pickup Only :: Best Asian in Long Beach,,Thai District - Pickup Only,"149 Linden Ave Ste E, Long Beach, CA 90802, Order nowTop dishesGolden BagsCompound crab meat and ricotta filling. Served with sweet and sour sauce.$8.00"
macaneserecipes.com,200,Macau Recipes | Easy heritage Macanese Recipes,,,
massmovement.uk.com,401,Bot Verification,,,
ggda.org,200,Georgia Game Developers Association,"Children learn from games... GGDA: 2015 in Review January 29, 2016GGDA: 2015 in Review   We have never started one of these end-of-year reports on a sad note before, but Tony ... GGDA Executive Director Nominated for Georgia Highlight Award January 21, 2016For Immediate Release:   Georgia Entertainment Gala Recognizes Andrew Greenberg for Contributions to the Geor...Platinum MembersGold MembersSilver MembersAssociate MembersIndie MembersCopyright © 2018 Georgia Game Developers Association. All Rights Reserved.HomeAboutContact UsMembership InformationGGDA Mixer ChannelK-12 Students and TeachersEventsMeetingsCIMFest 2018SIEGEIGDA Leadership TrackSpring College FairNewsStoreMembershipsStudica StoreJoin GGDALog In",Platinum Members,
skyletech.com,200,Website / Software Design Company | SkyleTech,,,
beaufront-first-school.co.uk,fail,,,,[]
etpcwizard.com,200,SCOMAR Productions,,,
ontheroaddrivingschool.co.uk,200, Top Local Driving School In Brentwood – Get On the Road!,,,
china-eroad.com,404,网站访问报错,,,
emergencynotarytx.com,fail,,,,[]
jankitrainings.com,fail,,,,[]
mountainmiracles.com,200,Main | Mountain Miracles,Copyright © 2012 - 2017 MountainMiracles.com.,,
bigavocado.digital,200,Zuse,,,
thorworldtravel.com,200,Thor World Travel | Premier Specialist in Worldwide Travel,,Our Team,"22-32 Frome Street, Adelaide, SA 5000"
estuaryunderwriting.co.uk,200,Welcome to Estuary Underwriting,,,April 2017 – additional capacity agreed with AXIS for general commercial UK risks
kkmechanical.net,200,KK Mechanical – Mechanical Contractor,Copyright KK Mechanical. All Rights Reserved.,,"PO Box 943, Roy, Utah 84067"
nemosupport.com,200,,,,
harmonyandstyle.net,403," 403 Forbidden
",,,
miragebrasil.com,fail,,,,[]
atmsanantonio.com,200,ATM San Antonio,Copyright © 2012 ATM San Antonio.,,"800-519-9808, Copyright © 2012 ATM San Antonio."
treefarmtapes.com,200,"
  Tree Farm Communications
  ",,,"Order the full set of recordings from the""Botanicals at the Beach"" gathering on August 23-26 in the Puget Sound, Whidbey Island, Washington"
hlmtutor.com,fail,,,,[]
nationaleman.com,406,Not Acceptable!,,,
stem-consultancy.co.uk,200,,,Bespoke Sports turf consultancy,
abbey-house.biz,fail,,,,[]
avswca.com,200,CYBERSCHOOL by IES,,,
kel-eezwindows.com,200,KEL-EEZ Custom windows,,,"800-346-1995   FAX: 330-784-7542  ,  2 Die-Gem Way Akron Ohio 44312"
threebstexascuties.com,fail,,,,[]
idigipack.com,200,IDigiPack - Worldwide Music Distribution & Marketing Services.,,,
mchalepa.com,200,"McHale, P.A. - McHale, P.A.","© Copyright 2020 McHale, P.A. All Rights Reserved.",Who We Are,
pangaeanewmedia.ca,fail,,,,[]
bluegenics.eu,fail,,,,[]
goldbeltwolf.com,200,Why Goldbelt Wolf? | Goldbelt Wolf,"Copyright © 2020 Goldbelt Wolf, LLC. All Rights Reserved | Privacy Policy | Site Map | Military Tax Refund 2020",Home,"5500 Cherokee Avenue, Suite 200,  Alexandria, Virginia 22312"
hploghomes.co.za,200,,,,
riverwoodoutdoors.com,200,Riverwood Outdoors - Premier Lawn Hardscaping,,,
meritbranch.com,404,,,,
blockchainunknown.com,200,,,,
richardlamb.com.au,200,,,,
aspire3d.com,200,Aspire3D (Imagecom Inc),,,
thefloodgroup.com,200,,,,"The Flood Group · 99,  Tulip Ave, Suite 201, Floral Park, NY 11001"
ellershawplumbing.co.uk,403," 403 Forbidden
",,,
michigantreatmentcenters.us,200,Michigan Treatment Centers - 1-888-565-6401,,,"Alabama - (256) 217-4788Louisiana - (318) 935-6161Ohio - (330) 529-8478, Alaska - (907) 268-4185Maine - (207) 221-2169Oklohoma - (405) 253-5317"
babinecmetal.com,200,"Aluminum, Steel & Plastic Store Fixtures & POP Displays: Babinec Sheet Metal",,,
wendymariani.com,200,Wendy Mariani - Senior Loan Officer — Absolute Loans,,,
eewenergy.com,fail,,,,[]
mdwkids.com,200,mdw kids fashion garment factory – fashion supplier – Kids Fashion Manufacturer in China – Kids Garments Factory,,,
qatar-decor.com,fail,,,,[]
srcunningham.co.uk,200,"
	Cunninghams Outdoors
",,Cunninghams Outdoors,"45 years of outdoor experience,  free uk shipping on orders over £35"
visavisbridal.com,200,Vis-a-vis Bridal,Catch Themes,,"Mon-Sat 12pm-8pm電話：2869 4881電郵：visavisbridal.info@gmail.com地址：2 F, 6 Wilmer Street, Sai Ying Pun, Hong Kong"
nielsweb.com,200,Account Suspended,,,
critellilawpc.com,200,,,,"Tel: 516.742.7608 Fax: 516.742.6356,  310 Old Country Road, Suite 103, Garden City NY 11530"
veradix.com,503,Just a moment...,,,
teenattitude.com,fail,,,,[]
adsbalance.com,200,Adsbalance,,What is eternal performance,"Adsbalance LP , 8 Church Street, Suite 16, Inverness, Scotland, IV1 1EA, UK"
lionsecuritykolkata.com,200,合肥_合肥今日头条娱乐资讯,,,
ascensiongt.com,200,"Ascension Global Technology - Cybersecurity Consulting Firm - St.Petersburg, Tampa","David Puzas The adoption of the cloud has fundamentally changed the game when it comes to...Read MoreBlog, Cybersecurity, Digital Transformation, Featured News, Next Generation Security, Security, security postureSeptember 28, 2020Insider Risk for BusinessInsider Risk is defined as  “The risk an insider is any person with authorized access to an organization’s...Read MoreBlog, Cloud Computing, Cybersecurity, Digital Transformation, Security, security posture, UncategorizedSeptember 15, 2020Cybersecurity Compliance – General Tips.Cybersecurity compliance isn’t something you can accomplish easily. There are an overwhelming number of acronyms, controls, and laws...Read MoreBlog, Cloud Computing, Cybersecurity, Digital Transformation, Security, security posture, UncategorizedSeptember 11, 2020Cloud Security Due Diligence – White PaperAbstract – This article discusses the importance of understanding and level of effort required for mitigating risks that...Read MoreBlog, Cloud Computing, Cybersecurity, Featured News, Press ReleaseSeptember 6, 2020Incident Response Plans and What to IncludeAn incident response plan is a“set of instructions to help IT staff detect, respond to, and recover from...Read MoreBlog, Cloud Computing, Cybersecurity, Digital Transformation, Security, UncategorizedInstagram Feed View on Instagram About Us""AGT"" offers complete end-to-end security protection through technology tools, cybersecurity strategy, consulting, and project management services. From addressing specific security gaps to a full environment cybersecurity strategy. With services designed to improve any organization’s overall organizational security posture, AGT develops strategies to implement and deploy successful cybersecurity solutions to protect companies from data and financial loss. Privacy PolicyRecent Posts Clarity in the cloud: See more, Know more, Do more with Falcon Horizon Insider Risk for Business Cybersecurity Compliance – General Tips. Cloud Security Due Diligence – White PaperCONTACT INFO Ascension Global Technology Address: 260 1st Ave S, # 149 Saint Petersburg, Fl 33701 Toll Free: (888) 898-6585 Office: (813) 434-1974 Fax: (813) 322-1642 Email: Info@Ascensiongt.comPartner With AGTJoin Our Partner Program Careers at AGTCOPYRIGHT 2020 Ascension Global Technology (""AGT""), All Rights Reserved.",,
kerrell.com,406,Not Acceptable!,,,
fawagner.de,200,Portfolio - Felix Wagner,,,
3d-vr-projector.com,403,403 Forbidden,,,
pragmaticrisk.com,200,"Risk Management :: A Primer – A no-nonsense, practical introduction to Risk Management",,Risk Management :: A Primer,
pic-gov.org,200,Printing Industries of California,Copyright Indemnification,,California Sales and Use Tax (2017)
dcoj.icu,fail,,,,[]
bizmw-economy.com,200,ドメインパーキング,,,
klenzac.com,200,Klenzac,u00a9 Copyright Klenzac,,
postpartumstress.com,200,"The Postpartum Stress Center, LLC | A premier treatment and professional training center","&copy Copyright 2020 The Postpartum Stress Center, LLC",Main menu,CALL US: 610.525.7527
delaliconsulting.com,200,Welcome,,,
abacoclamps.com,200,abacoclamps.com,,,
tvehire.co.uk,200,"Avant and Bobcat Sales Dealer | Plant Hire Oxfordshire, Tool Hire Oxfordshire, Wiltshire, Gloucestershire, - Bobcat E10 and Bobcat skidsteer
",© Copyright TVE Oxfordshire Plant & Tool Hire.,,
zht-inlay.com,fail,,,,[]
raimy.net,fail,,,,[]
classiccarworkshop.ie,200,,,,
bluegrottotours.com,200,"Blue Grotto Tours - Tours of Capri, Amalfi & More",Return to top of pageCopyright © 2020 · · ·,,27 reviews of Blue Grotto Tours in Naples
freezeair.com.au,200,Air Conditioning Melbourne | Call 03 9450 7845 - Freeze Air Contracting,,,
blhtechs.com,200,BLH Technical Services,,,"NCR, Philippines 1771"
romulusvehicletowingcompany.com,200,"Towing Service Romulus, MI | Towing Service 48174 | AES Towing & Recovery",,,
enhancedheatingandair.net,200,HVAC Newark DE - Heating & Air Services - Enhanced,,,"68 Albe Drive, Newark, DE 19702"
electriciankelowna.com,200,Highly Experienced Electricians Kelowna | Hotwire Electric Kelowna,"We’ll make sure that your generator is running smoothly and it is ready for power outage. Along with repairs, we also perform regular maintenance for these devices.If you have never hired an electrician in Kelowna, you don’t have to fret because we offer only quality, personalized and affordable services. Our professional team of electricians will help you with any type electrical work that needs to be done in your home or at your place of work. Before starting any job, we make sure that we talk to you about your options. At Hotwire Electric aim to provide you with all the information you need about the work that needs to be done. Our electricians will only commence work once you give us the go-ahead. If you have any electrical work that needs to be completed, please feel free to give us a call. Our friendly staff at Hotwire Electric will be glad to assist you.Our ServicesGeneratorsCable Phone And Internet InstallationSurge Protector InstallationLighting Design And InstallationResidential And Commercial Electrical RepairsCircuit BreakersSitemapOur HoursMonday           7:30 am - 4:30 pmTuesday           7:30 am - 4:30 pmWednesday     7:30 am - 4:30 pmThursday         7:30 am - 4:30 pmFriday               7:30 am - 4:30 pmSaturday          ClosedSunday             ClosedGet in TouchHotwire Electric24 7 Emergency Service#112 2280 Leckie RoadKelowna, BC V1X 6G6Phone: (250)860-9526Unit 2 2225 Bartley RoadWest Kelowna, BC V1Z 2M6Phone: (250)860-9526 Copyright 2017 Hotwire ElectricWebsite Powered By SLIC Marketing",,
costellorealty.net,fail,,,,[]
carlomarianatale.com,fail,,,,[]
tnhemp.farm,200,,,,
cqwanggeng.com,403,403 Forbidden,,,
disruptnnj.com,403,403 Forbidden,,,
pro2ceo.com,200,  PRO2CEO,,,
warehousing.lk,200,Site Maintenance,,,
snexportgroup.com,200,"Sunflower Kernels, Sunflower Oil, Olive Oil - S.N.E. Export Bulgaria",Copyright © 2016. S.N.E. Serres North Export Ltd. All rights reserved.,Company Background:,"S.N.E. Serres North Export Ltd is an International Trade company with more than 30 years’ of experience in this area worldwide.,  ​Our late branch is located in Sofia –Bulgaria since 2011."
advantageind.com,406,Not Acceptable!,,,
junruidesign.com,404,访问错误-未找到该页,,,"2 您的域名是否备案。, 3 网站是否到期。"
woodnsteel.us,200,"
    Woodnsteel

    

    

    
  ",Copyright ©,Woodnsteel,
superiorfoamllc.com,fail,,,,[]
eastheadcafe.co.za,200,East Head Café ‹ Best Restaurant in Knysna,,,295 reviews of East Head Cafe in Knysna
santhyah.co.uk,200,Santhyah Suthagar,,,
pa-group.us,200,"ERP, CRM, & MES Software from PA Group, a Microsoft Cloud Solution Provider",Copyright ©2017 PA USA INC.All Rights Reserved.,PA Group,
utahglasscompany.com,403,403 Forbidden,,,
visionsource-visualeyesgreenbelt.com,200,"Optometrist, Eye Doctor in Greenbelt MD | Visual Eyes Greenbelt",Copyright © 2020 Visual Eyes Greenbelt. All rights reserved.,,
mulsys.com,406,Not Acceptable!,,,
glendahaskell.com,200,"Glenda Haskell – Career & Life Coach | Ann Arbor, MI",EllanyzeCopyright © 2020 · Gallery Pro on Genesis Framework · WordPress · Log in,,
hammerandtongues.co.zm,fail,,,,[]
digitaltonic.co.uk,200,Interim Chief Technology Officer (CTO) | Consulting CTO | VP of Engineering | Technical Consultant - Jon Webb,,,
smartglobekw.com,406,Not Acceptable!,,,
itechnotree.com,200,itechnotree | Web & Mobile Development Company,© Copyright - itechnotree,,Ahmedabad – 380052
speak-1.net,fail,,,,[]
industrialcontrolsystems.net,200,,,,"803 Drago St.,  West Monroe, LA 71294"
marchwestin.com,200,"Morgantown Contractor

 - March-Westin Company, Inc. | West Virginia",,,"360 Frontier St.,  Morgantown, WV 26505"
michaelkulinski.com,200,,,,
leatherlollipop.com,200,Leather Lollipop,,,"1725 Pulaski Hwy., Fayetteville, TN 37334"
757webuyhouse.com,fail,,,,[]
escaa.org,200,ESCAA,,,
cyclingartproject.com,200,,,,
bluestarit.com,200,"Bluestar I T Services Pty. Ltd. - I T Support, Computer Support, I T Consultant, I T Consulting, Network Support, Sydney, North Ryde, Parramatta, City, Rydalmere",,,
bigredzippyweddings.co.uk,fail,,,,[]
vinyasaentertainment.com,200,Account Suspended,,,
buttittadesign.com,200,Buttitta Design | Creative Services for Marketing & Communication,,,"Post Office Box 9010, Santa Rosa, CA 95405."
pnmhospital.in,200,,,,
emwinch.com.au,fail,,,,[]
alwafaamedical.com,406,Not Acceptable!,,,
royalcityjakarta.com,200,Royal City Jakarta Official Website - Best price guarantee Book here,,,
renub.com,406,Not Acceptable!,,,
c3ventures.us,404,,,,
de-timmerman.com,200,Coming Soon,,,
aceheatingandair.org,fail,,,,[]
artation.com.au,200,|,,What we offer…,"0481 480 829• Bowral, New South Wales, AUSTRALIA 2576, Created by Corymbia Co. 2019"
geoffhasler.info,406,Not Acceptable!,,,
daystarelectricutah.com,500,500 Internal Server Error,,,
allswellpoweredparachuterepair.com,403,403 - 禁止访问: 访问被拒绝。,,,
iron-marketing.com,404,Domain has been assigned,,,
hi-speed.net.au,200,Hi-Speed Networking,,,
ssisglms.com,200,SSISG LMS – Education as a Service Provider |,,SSISG LMS,
ccsmetraining.org,fail,,,,[]
eyecareoptometry.net,403,403 Forbidden,,,
costumebutton.com,200,Costume Buttons for the film and stage industry,,Costume Buttons,
dyallelectric.com,fail,,,,[]
glopaca.com,200,Glopaca,,,
adriablue-collection.com,fail,,,,[]
formaleasy.net,200,Formal Easy Formalwear Store Managment Software,,,
martin5.net,200,martin5.net,,,
veryindependentopinions.com,406,Not Acceptable!,,,
ingusbajars.com,200,Ingus Bajars — fotogrāfs Ingus Bajārs,,,
antiracism-info.org,200,World Antiracism » The Moscow Bureau for Human Rights,,,
hometechdxb.com,fail,,,,[]
winthatcontract.com,200,"Win That Contract – Improves Tenders, Bid Writing, Proposals",Copyright 2020 WInThatContract.com & HMC Limited,,
leechissalon.com,200,,,Leechi's Salon,
dental-advanced.com,410,410 Gone,,,
jbc-group.jp,fail,,,,[]
thesrm.com,200,Media Solutions - The SRM Media Group,,,
salmonfromchile.com,200,55直播注册登录_55直播网址_55直播官方,,,
thefamilyphysiciansgroup.com,200,BMG Family Physicians Group Foundation,Saturday Acute Care Clinic HoursSaturday: 8:00am - 12:00pmCopyright ©  The Family Physicians Group - All Rights Reserved.,,
symphonytransportation.com,200,Symphony Executive Transportation - Luxury Beyond Expectation,© Copyright 2005 Symphony Executive Transportation Inc. All rights reserved.,,
bargain-ins.com,200,"
	Cheap Car and SR22 Insurance in Kansas City, Missouri - Bargain Insurance Connection
",,,"2635 NE Vivion Road, Kansas City, MO 64119"
neinkamper.com,fail,,,,[]
bluewaterpools.com.au,200,Swimming Pool Builders Sydney | Blue Water Pools,,,We have more than 18 years experience in building Sydney In-ground concrete swimming pools and our workmanship is simply flawless
gefforttn.com,200,,CREATIVE BORO,What sets Group Effort Apart?,Copyright 2020 Group Effort of Tennessee | website by CREATIVE BORO
voldeclimited.com,200,Voldec Limited: Painters & Decorators Fleetwood,,,
mobilervrepair.org,403,403 Forbidden,,,
feirowdesign.com,200,建築、設計事務所 フェイ・ロー デザイン|feirow design - 建築、設計事務所　フェイ・ロー デザイン|feirow design,,,
horizonconsultantsinc.com,200,"Horizon Consultants | Oakland, TN 38060",,,
solvencynow.com,406,Not Acceptable!,,,
whitehorse19131.tripod.com,410,Create a Website | Tripod Web Hosting ,,,
timberridgechiro.com,403,403 Forbidden,,,
ocjfc.com,200,Oakleigh Juniors Soccer Club,,,
ecommerceimagesolution.com,406,Not Acceptable!,,,
lakegrow.com,200,,Lakegrow Nursery Sales LTD,,"from my 20 acre nursery on the outskirts of Abbotsford, B.C."
coin.co.nz,406,Not Acceptable!,,,
domain4auction.com,fail,,,,[]
innstyle.com,200,"
  Wholesale Linens-Bedding Collections:B&B Supplies-Resort-Inns-Hotels – innstyle.com
  ",Copyright ©2020 www.innstyle.com,Wholesale Fine Linens Supplier,"215 South 5th Street Perkasie, Pennsylvania, 18944,  800-877-4667"
cheshire-loftconversions.co.uk,403," 403 Forbidden
",,,
chakanacoaching.com,200,,,,
hendonselfstorage.com.au,200,,,,
viprior.com,fail,,,,[]
ise-bv.com,200,"WORLD NETWORK CO.,LTD.",,,
woodbridge-services.co.uk,200,Woodbridge Services ,GoDaddy Website Builder,,
luisthaifood.com,200,,Copyright © {{ $metaTags.getTitle() }} .,,
minnesotapartnership.info,200,Minnesota Partnership,AcademiaThemes,,
lenadesigner.com,fail,,,,[]
sportsteamadministrator.com,200,Sports Team Administrator | Team Administration Made Easy,,,
newportdevelopments.com,406,Not Acceptable!,,,
air-con.com.sg,fail,,,,[]
northstarbatteries.com,403,403 Forbidden,,,
cost-engineers.com,200,,,,
millergolfdesign.ca,200,Miller Golf Design Group - Welcome,Copyright © 2006 [Miller Golf Design,,
cmptrack3.info,200,BankBroker,,,
kathymccartyrealestate.com,fail,,,,[]
cmr.ubc.ca,200,,Copyright |,,
hottytoddytents.com,200,"
    Ole Miss Tailgating Rentals | Hotty Toddy Tents | Oxford, MS
  ",Copyright © 2020 Hotty Toddy Tents | This store is PCI Compliant,,
sunshinenailsupply.com,200,"
    Sunshine Nail Supply
  ",Copyright © 2020 Sunshine Nail Supply,,
secureasite.com,406,Not Acceptable!,,,
geomatlimited.com,412,412 Error,,,
whitefoxsolutions.com,200,WhiteFox Solutions - We have the solution for your every design need,,,
luxairjetcenters.com,200,Lux Air,Copyright 2008 -,,"1658 S Litchfield Rd, Goodyear, Arizona 85338"
19652valdezdrive.com,fail,,,,[]
lmartindia.com,fail,,,,[]
durhambreastfeeding.ca,404,404 Not Found,,,
aksharelectronics.in,200,"Dairy Instrument Manufacturer, Automation Machinery Supplier In Gujarat",,,"B 11, Ambica Estate, Ctm Cross Road, Amraiwadi, Ahmedabad - 380026, Gujarat, India,  Phone : +918037405924"
entropyconsulting.io,403,403 Forbidden,,,
watches-prim.com,200,Error 404 (no index),,,
lisbonvenues.pt,200,,Copyright 2017 | Fundação AIP | All rights reserved,,"Natalis, de 5 a 9 de Dezembro, Diverlandia, de 1 de Dezembro a 6 de Janeiro"
allseasonsgaragedoors.com,200,"All Seasons Garage Doors - Commercial and Residential Garage Door Installation and Repair for Houston, Katy, Richmond, Texas area",,,
lindalineberry.com,200,"Linda Lineberry - Associate Broker, Long Realty Company",,,
pestoindia.com,200,Pest control services Mumbai | Pest control services in Mumbai,EsevaEngineering,,
projectmanagementsurveyor.com,200,The Building Consultancy: Chartered Surveyors & Designers,,,
msue.nmsu.edu,200,"
            NMSU-MSUE Collaboration | New Mexico State University        ",,,
maisonbleuinteriors.co.uk,200,INTERIORS | Maison Bleu,,,
paperrocketpictureco.com,406,Not Acceptable!,,,
svls.us,200,,,,"K-8 CampusN8728 S. Coop Road, Menasha"
ripleyautos.com,200,Ripleys Autos | Scrap Cars | Vehicle Parts - ripleys.co.uk,,Ripleys,
garagedoorrepairencino.net,406,Not Acceptable!,,,
corbia.com,406,Not Acceptable!,,,
chsolutionsltd.com,fail,,,,[]
boldgen.com,200,Boldgen.com is For Sale | BrandBucket,vector versions of the logo shown here. You will own the copyright and all usage rights for the logo upon purchase.,,© 2007-2020 BrandBucket.com a Boxador production.
ericscottjones.com,200,Eric Jones | Senior Technical Project Manager + Web Developer,,,
babelpr.com,403,403 Forbidden,,,
affordable-realtyservices.com,502,502 Bad Gateway,,,
txpropertysolutionsllc.com,200, Sell Your House Today,"Copyright © 2020 Texas Property Solutions, LLC",,"752 N Main St #1368, Mansfield, TX 76063"
aewealth.info,fail,,,,[]
buzzparadise.com,200,Label Protection | Vanksen.com,,,
groupescpau.eu,200,Label Protection | Vanksen.com,,,
team8physio.com.au,200,"Team8 Physio - Dee Why, Physio","☀️ Find us at 2 convenient Northern Beaches locations ⛱(02) 9971 8110HomeLocationsDee Why ParadeFitness First Dee WhyThe TeamServicesPhysiotherapyMassageDry NeedlingExercise ClassesDietitianWorkcover & CTP InjuriesDpt of Veteran AffairsOrthotics & Gait AnalysisRunning ClinicSports Injury PreventionInjuriesArticlesContact UsJoin Our Team MoreHomeLocationsDee Why ParadeFitness First Dee WhyThe TeamServicesPhysiotherapyMassageDry NeedlingExercise ClassesDietitianWorkcover & CTP InjuriesDpt of Veteran AffairsOrthotics & Gait AnalysisRunning ClinicSports Injury PreventionInjuriesArticlesContact UsJoin Our Team (02) 9971 8110HomeLocationsThe TeamServicesInjuriesArticlesContact UsJoin Our Team WelcomeTeam8 Physio Dee WhyTeam8 Physio Dee WhyTeam8 Physio Dee WhyTeam8 Physio Dee WhyYour local Dee Why Physio at two convenient Northern Beaches locations.BOOK ONLINE NOW TEAM8 PHYSIO NORTHERN BEACHES DEE WHY | TEAM8 PHYSIO FITNESS FIRST DEE WHY What to expect during your first visit to Team8 Physio Dee WhyA warm welcome and caring customer service. The sense of being looked after as an individual. You will receive a one on one session with focus on your story and goals and will leave the clinic with an understanding of your condition, a clear action plan on what needs to be done to fix it and prevent it from happening again and you will be sure that you've made the right decision and you are in good hands. To contact our friendly team call 02 9971 8110 or you can book online instantly.+ BOOK ONLINE + Team8 Physio Dee Why - Your local Northern Beaches Physiotherapists As a leading Northern Beaches Physio clinic, Team8 Physio Dee Why will get you back to living a pain-free, healthy & active lifestyle.  Our Physiotherapy treatments are one-on-one within our private physiotherapy rooms, ensuring privacy and confidentially.  Whether you have a sports, training and fitness injury,  suffer from back and neck pain, or are recovering from surgery, Team8 Physio Dee Why is here to help. We will provide a thorough, effective physiotherapy treatment plan to get you back on the road to recovery.  As part of our extensive services, Team8 Physio Dee Why provides massage therapy,  exercise classes as well as a specialised dietitian service. As your local Northern Beaches physiotherapist,  we aim to have everything you need, within our two conveniently located Dee Why physiotherapy practices.As your trusted physio, we take the time to build relationships with our clients. Our physiotherapists will get to know you, your history and the problem in your body affecting your day to day life. Our aim is to relieve your pain and get you back to an active life.Team8 Physio Dee Why believe the most important component of all injury management plans is prevention. Therefore, when we provide treatment, we take a holistic approach. This includes educating our clients and providing effective self management strategies to prevent further injury reoccuring. Book an appointment with one of our expert physiotherapists today.  We guarantee your body will thank you for it. Would you like to make an appointment?+ BOOK ONLINE + Contact UsGet in touchNamePhone*Email*SendHoursMon07:00 am – 07:00 pmTue07:00 am – 07:00 pmWed07:00 am – 07:00 pmThu07:00 am – 07:00 pmFri07:00 am – 06:00 pmSat07:00 am – 01:30 pmSunClosed WANT TO SPEAK TO A PHYSIO?In pain and need help, but not sure what to do?Fill in a form and one of our Physios will call you back.Fill in a form Two Convenient Northern Beaches Physio Locations In Dee Why!Suite 8 5 Dee Why Parade, Dee Why NSW 2099Free parking is available next door in the Dee Why Plaza (""Old Coles"") Shopping CentreWe are located on the first floor with stair and lift access.ANDLevel 2 Fitness First, 800 Pittwater Road, Dee Why NSW 2099Free undercover parking onsite, stair and lift access. Team8 Physio Dee Why ParadeSuite 8 5 Dee Why Parade, Dee Why New South Wales 2099, Australia Team8 Physio Fitness First Dee Why800 Pittwater Road, Dee Why New South Wales 2099, Australia Ready to make an appointment?+ BOOK ONLINE + uestCopyright © 2019 Team8 Physio - All Rights Reserved.Dee Why Physiotherapy and Remedial MassageHomeAboutArticlesProductsFAQNewsSpeak to a PhysioBalance and Flexibility",,
smoothmoveremovals.com.au,200,Gold Coast Removalists | Smooth Move Removals,"e at your new premises, we will be with you every step of the way.Voted Top 3 Gold Coast Removalists!Our reputation has been built on our reliability, professionalism and trust, and it’s clear to see why we’ve been voted in the Top 3 Removalists on the Gold Coast. We’re a family run business that believes in excellence and our friendly team of removalists strive to go the extra mile, whether you are moving to Tweed Heads, on the Gold Coast or the Sunshine Coast we make every move a smooth move.We’re more than just a removalist company, we also provide: boxes and materials and storage services, and for those that want to move but hate the removal process we can do the whole thing for you, from packing to unpacking, we are seasoned removalists that love the jobs you hate. 50+ years of Moving House We've been helping Queenslanders move house for over 50 years, which is why we're trusted by more people than any other moving company.Pricing No move too big or too small. Our Gold Coast Removalists servicing all areas of: Gold Coast – Tweed Coast – Brisbane – Sunshine Coast and beyond!2 men + ute From... $ 120 per hour* Great for internal high rise moves Get Started2 men + small truck From... $ 120 per hour* 6 tonne truck ideal for 1-2 bedroom moves Get StartedMost Popular2 men + large truck From... $ 139 per hour* Great for 3, 4 or 5 bedroom moves Get Started*Each additional man – (Great for 3 as is man team moves) from $55 hr 0 CUSTOMER REVIEWS 4.7 5How do our reviews compare against the competition? Read more reviews Award Winning furniture movers We are the preferred furniture removal company for people in South East Queensland because of our professional staff and customer service!Free Moving Boxes!Mention this offer and get a 10 FREE boxes to help out with your move! *Conditions apply ""Just wanted to pass on our thanks to Heath and the team at A Smooth Move Removals for doing a great job on our move in January 2016. A special mention to Caio and Adriano who were the most fantastic guys. We have moved half a dozen times in 3 yrs and they definitely were the best removalists we have had. They were happy, friendly and took great care of our belongings while still being efficient. We mentioned multiple times throughout the move that we will definitely be using them again and giving them the highest recommendation to anyone we know who is in need of removalists."" Jeffrey & MoniqueGold Coast ""I just wanted to say thank you so much for today the guys that work for you are amazing. Moving can be stressful and they helped it to be fun. You have an amazing team. I will be recommending you in the future to anyone I can."" Candy RussellStrata Sphere Management ""I would like to commend Jarrod & Jai (think that’s correct) 10 08 16. They were extremely careful with all my furniture. Nothing was any trouble to them. They were professional, punctual, friendly and did a great job with my moving today. I appreciate they went back for the microwave. It was an oversight. When I checked I didn’t think about it until I had left. Great guys they made my move very stress free. Loved how they laughed and joked whilst working."" Jan MurphyGold Coast Previous NextGet an express quote Name Phone Email Suburb from Suburb to Bedrooms Are there any stairs or lifts? Stairs Lifts None Message Send COVID19 Safety Precautions The safety of our customers and staff is of absolute importance which is why we ensure that our entire team exercises all necessary precautions relating to the COVID-19 pandemic. Our moving trucks are disinfected before every job. Staff are equipped with hand sanitiser and gloves. Staff fully trained on social distancing while conducting moving operations. Staff are checked to ensure they are not displaying any flu-like symptoms. Customers are also checked to ensure they are not displaying any flu-like symptoms.Stay ConnectedCheck out the latest from Smooth Move removals on our social channels! Facebook-f Twitter Youtube Locations Arundel Brisbane Gold coast Helensvale Hope Island Runaway Bay Southport Sunshine Coast Tweed CoastOffice Hours Monday - Friday: 7am - 6pm Saturday: 7:30am - 4:30pm Sunday: Closed Copyright © 2020 A Smooth Move Removals | All Rights Reserved | Privacy Policy | Terms & Conditions Website & digital marketing by Launch Experts Close Menu",Who we are,
isptrading.dk,200,ISP Trading Ltd.,Copyright (c) 2013 ISP Trading ApS. All rights reserved.,,"ISP Trading Singapore Pte Ltd, 8 Temasek Boulevard, #35-03 Suntec ,  Tower 3, SG-038988 Singapore"
coyleconstructioninc.com,404,For Subscriber,,,
getwhiteteethnow.com,400,,,,
bobhilbert.com,200,Bob Hilbert Sportswear,,,
tenwestenvironmental.com,200,TenWest Environmental Services,Copyright © TenWest Environmental. 2019 - All Rights Reserved.,,
diamondweddingfilms.com,fail,,,,[]
somersaults.com.au,200,"Somersault Solutions  ABN: 81 162 132 505  PO Box 126, Claremon",,,
arcforma.com,200,Index of /,,,
formationvaleromontreal.com,200,Formation Valero Montréal,,,
finehomesmarin.com,409,,,,
advancedconnectionequestrian.com,200,"
  Advanced Connection Equestrian – Advanced Connection Tack Shop
  ",,,
active-solutions.com.ua,200,Active-Solutions | System Integration Services,,,"04655 Ukraine, Kiev, Vikentiya Khvoyki st. 21"
quodecpower.com,200,Welcome to Quodec Power,Copyright 2020 Quodec Power. All Rights Reserved.,,"Unit C1, 135 Kuschke Road, Meadowdale, South Africa,  +27 10 220 5236"
longhaulage.co.za,200,Long Haulage/ transportation long distance transport ,Copyright © 2015 Shipping & General Transport,,
negeneralcontracting.com,200,N & E Contracting – Nick Ames General Contracting,,Search,"290 Dark Hollow Rd., Waynesburg, PA 15370"
eeccoatingwaterproofingservices.com,200,"EEC COATING, WATERPROOFING AND GENERAL SERVICES, INC.",Copyright © 2018 EEC Coating & Waterproofing General Services,Our Mission,"B3 L7  Rizal Technopark Phase 2A-1 Highway 2000, Brgy. San Juan, Taytay, Rizal 1902."
southcoastneuro.com,fail,,,,[]
okanagantestrite.com,200,Okanagan Test Rite – Quality Products You Can Trust Upon,Catch Themes,Okanagan Test Rite,"2810 27A Ave Vernon, BC, Open 8:00am-5:00pm Mon-Sat."
masotticonstruction.com,200,Masotti Construction Inc. General Contractors | Windsor Ontario Canada,,,"1780 North Talbot Road, Windsor, Ontario. N9A 6J3, © 2020 Masotti Construction Inc."
delmarvawifi.com,200,Delmarva Wifi LLC: Welcome!,,,
rosegraphicsinc.com,406,Not Acceptable!,,,
marcodpolo.com,200,,,,
ohthatspretty.co.uk,fail,,,,[]
gardencitycafepga.com,200,,,Tell us what you think...,"Garden City CafePlaza La Mer805 Donald Ross RdJuno Beach, Florida 33408561-624-7944Please call 561-624-7944  for reservations."
duboisfarms.com,200,DuBois Farms Pick-Your-Own in the Mid-Hudson Valley,,,
datacable.net.cn,200,Changzhou Huaercai Electronic Co. Ltd ,TradeCms 1.0 Copyright @ 2010,,"HuaErCai specialized in the production of iPhone cable(iPhone 4 5),USB3.1 To Type-C,US...  read more"
realitygraphics.net,200,Reality Graphics,,,
cambooth.net,406,Not Acceptable!,,,
finitiv.com,406,Not Acceptable!,,,
maximizeyourportal.com,fail,,,,[]
apexplant.co.uk,401,Bot Verification,,,
boxdivider.com,200,Do you need a Box Divider? | ColePak Inc.,,,
etsupply.com,200,Lindy Tools,,,
silverthornehealthcare.co.uk,404,,,,
chiswellpromotions.com,200,Chiswell Associates Promotions - Customized promotional & executive merchandise,site copyright chiswell associates promotions ltd 2019,,
twomacarthur.com,200,,,,
sriwinlankatravels.com,200,Welcome To Sriwin Lanka Travels Pvt Ltd,Sriwinlanka Travels Pvt Ltd.,,"No. 537 C 1 1,  Chilaw Rd, Kattuwa, Negombo. 11500"
jamesratliffgallery.com,200,James Ratliff Gallery – Premiere art gallery located in Sedona,,,"671 Hwy 179, Suites A1 & A2, Sedona, Arizona 86336"
mstravelexec.com,200,,,,
v2fsolutions.com,200,V2F Solutions – Your Partners in your vision to fly,Copyright V2F Solutions (SMC Pvt) Ltd. 2020. All Rights Reserved.,ABOUT US V2F Solutions,
romeoandcesare.com,406,Not Acceptable!,,,
inklingdesigns.co.uk,404,,,,
nissietraveltours.com,fail,,,,[]
roteslandscaping.com,200,roteslandscaping.com,,,
advancematerial.ca,406,Not Acceptable!,,,
littlebigtrux.com,403,403 Forbidden,,,
looprac.org,fail,,,,[]
competexcel.com,200,Compititive Exam Center,,,
230v.co.uk,200,,,,
waltcotoolsinc.com,200,"Waltco Tools, Inc. | Wood River, Illinois",,,
solmtx.com,200,Solution Matrix | Fractional CIO and On Demand Support,,,"1216 Broadway, Floor 2 New York, NY 10001, +1 212 812 1444 New York +1 303 500 7886 Denver Information: Info@SOLMTX.com Client Support: Help@SOLMTX.com"
clickzoom.ie,200,Whiteboard Animation Company | Video Production Dublin,© Copyright - ClickZoom 2020,,
schwarz-schmidt.com,200,Schwarz Schmidt Tooling GmbH,,,
hpousa.com,200,Welcome to HPO USA,,,
projetics.com,200,Welcome to Projetics Technology Solutions,Copyright © 1999-2003 Projetics Technology Solutions and Wyatt Enterprises,,"1009 Willow Creek Dr. • Goodlettsville, TN  37072"
sierramobilerv.com,200,,,,
solarscope.com,fail,,,,[]
fsjimei.com,200,佛山市顺德区北滘吉美家具厂　,,,
longhurstdental.co.nz,200,"Longhurst Dental, Family Dentist in Christchurch","Longhurst Dental | Ground Floor Longhurst Health, 53 Caulfield Avenue, Christchurch 8025 Copyright © 2020 | All Rights Reserved",OUR PEOPLE,
pdmarlow.com,200,PD Marlow Stuccodore : Specialists in Stucco,,,"PD Marlow, Specialists in Stucco, 145 Ballygomartin Road, Belfast, BT13 3NA"
mobilehairexperts.com,401,Bot Verification,,,
gengenie-probate-research.com,fail,,,,[]
mdbpv.com,fail,,,,[]
haworthindustrialtechnologies.com,200,,,,
polishing1.com,200,A. Greenham & Son : Wood Finishing and French Polishing,,,"A. Greenham & Son, 4 Maddox Street, London, W1S 1QP"
corefinancemanagement.com,200,,,,"PO BOX 712, Rochester,"
kvsprojects.com,404,,,,
bnbexecs.com,200,BNB Executives | Airbnb / Short Term / Vacation Rental Management & Executive Services,,,
oldstardesigns.com,fail,,,,[]
tradersfxpartner.com,200,,,,
northernmanagementservicesllc.com,fail,,,,[]
jroozmailserver.com,200,,,,
vickerycosts.co.uk,200,Vickery Costs Limited – Costs Lawyers & Consultants,BV Designs,Melanie VickeryMelanie,
sciromarottalaw.com,200,,,,
naan-and-beyond.com,200,Naan & Beyond,NWC,,"1025 Vermont Ave., NW - (202) 347-3160"
harcourthervey.com,406,Not Acceptable!,,,
cfcsforms.org,200,"
	CFCS Forms
",,,
cuttingedgelawncarenl.com,200,Cutting Edge Lawn Care Inc.,,,
tensmachine.com.au,fail,,,,[]
bromley-conservatory-cleaners.co.uk,200,"Bromley Conservatory Cleaners - Conservatory Cleaning in Beckenham, Orpington",,,
1756-a13.com,503,,,,
slongsfishinglures.com,200,Slongs Fishing Lures - American made quality fishing lures - Slongs Fishing Lures,Shopify,,
unitechautorepair.com,403,403 Forbidden,,,
bankersclub.biz,403,Apache HTTP Server Test Page powered by CentOS,,,
orbitcleaningservice.com,502,502 Bad Gateway,,,
ozwebs.net,200,OzWebs.net Personal and Small Business Hosting,,,
filmtrix.com.au,403," 403 Forbidden
",,,
clifflonsdaleroofingandguttering.co.uk,fail,,,,[]
icenes2011.org,200,icenes2011.org -&nbspThis website is for sale! -&nbspicenes2011 Resources and Information.,,,
mssvabaranamaligai.com,200,Gold | Mssv Abarana Maligai | KOVILPATTI,,,
rosemedia.co,200,"Rosé Media | Social Media Management, Strategy, Web Design, Photography in Washington, D.C.",,,
innovateshop.co.za,200,,,,
